{"cameraMode":{"drawMode":0,"name":"Shaded","section":"Shading Mode"},"sceneLighting":true,"audioPlay":false,"sceneViewState":{"m_AlwaysRefresh":false,"showFog":true,"showSkybox":true,"showFlares":true,"showImageEffects":true,"showParticleSystems":true,"showVisualEffectGraphs":true,"m_FxEnabled":true},"in2DMode":false,"pivot":{"x":-0.6069329380989075,"y":-0.6561324596405029,"z":0.13707572221755982},"rotation":{"x":0.30938413739204409,"y":-0.5651133060455322,"z":0.2408595234155655,"w":0.7258894443511963},"size":0.5232987999916077,"orthographic":true}